{
    "-1": {
        "precision": 0.8076351016360932,
        "recall": 0.7820451272203552,
        "f1-score": 0.7946341463414635,
        "support": 2083.0
    },
    "0": {
        "precision": 0.8537915984724496,
        "recall": 0.9636699507389163,
        "f1-score": 0.9054093144344808,
        "support": 3248.0
    },
    "1": {
        "precision": 0.9175199089874858,
        "recall": 0.8340227507755946,
        "f1-score": 0.8737811484290358,
        "support": 3868.0
    },
    "accuracy": 0.8680291336014784,
    "macro avg": {
        "precision": 0.8596488696986762,
        "recall": 0.8599126095782887,
        "f1-score": 0.8579415364016599,
        "support": 9199.0
    },
    "weighted avg": {
        "precision": 0.8701365405489829,
        "recall": 0.8680291336014784,
        "f1-score": 0.8670266183537312,
        "support": 9199.0
    }
}