{
    "-1": {
        "precision": 0.8084367245657568,
        "recall": 0.7820451272203552,
        "f1-score": 0.7950219619326501,
        "support": 2083.0
    },
    "0": {
        "precision": 0.8539847161572053,
        "recall": 0.9633620689655172,
        "f1-score": 0.9053819444444444,
        "support": 3248.0
    },
    "1": {
        "precision": 0.9161931818181818,
        "recall": 0.8337642192347466,
        "f1-score": 0.8730373578776394,
        "support": 3868.0
    },
    "accuracy": 0.8678117186650723,
    "macro avg": {
        "precision": 0.8595382075137147,
        "recall": 0.8597238051402064,
        "f1-score": 0.8578137547515778,
        "support": 9199.0
    },
    "weighted avg": {
        "precision": 0.8698283816308078,
        "recall": 0.8678117186650723,
        "f1-score": 0.8667920211470785,
        "support": 9199.0
    }
}